issue_number,issue_url,issue_state,issue_created,issue_closed,issue_labels,proposal_type,term_type,term_name,term_label,organized_in_class,previously_proposed_class,definition,usage_notes,examples,datatype,replaces,review_outcome,outcome_notes
788,https://github.com/tdwg/dwc/issues/788,open,2026-01-06,,Term - add; ready for public comment; Class - Hazard; appears to have consensus,New term,property,hazardType,Hazard Type,MaterialEntity,Hazard (new class),A term that belongs to a hazard classification scheme based on a set of unique characteristics and negative health outcomes.,Recommended best practice is to use a controlled vocabulary such as https://kos.geospecimens.org/vocab/hazard-type,carcinogen; skin irritant; radioactive; toxic,,,Approved (consensus),Open; labelled 'Process - appears to have consensus' following the 2026 public review; awaiting implementation.
789,https://github.com/tdwg/dwc/issues/789,closed,2026-01-06,2026-09-02,Term - add; ready for public comment; no change; Class - Hazard,New term,class,Hazard,Hazard,,,"Properties that describe sources of potential damage, harm, or adverse health effects on something or someone.",,,,,Withdrawn (class not needed),Closed. Class proposals retracted in favour of a flatter model (#900 comment 2026-08-14); member properties re-homed to MaterialEntity/GeologicalMaterial.
790,https://github.com/tdwg/dwc/issues/790,open,2026-01-06,,Term - add; ready for public comment; Class - Hazard; appears to have consensus,New term,property,hazardRemarks,Hazard Remarks,MaterialEntity,Hazard,Comments or notes about the type of hazards associated with a dwc:MaterialEntity.,,asbestos; slightly radioactive; requires skin protection,,,Approved (consensus),Open; labelled 'Process - appears to have consensus' following the 2026 public review; awaiting implementation.
791,https://github.com/tdwg/dwc/issues/791,closed,2026-01-06,2026-08-15,Term - add; ready for public comment; no change; Class - Chemistry; appears to have consensus,New term,class,Chemistry,Chemistry,,,Properties that describe the chemical composition of a geological material,,,,,Withdrawn (class not needed),Closed. Class proposals retracted in favour of a flatter model (#900 comment 2026-08-14); member properties re-homed to MaterialEntity/GeologicalMaterial.
792,https://github.com/tdwg/dwc/issues/792,open,2026-01-06,,Term - add; ready for public comment; Class - Chemistry; appears to have consensus,New term,property,measuredChemistry,Measured Chemistry,GeologicalMaterial,Chemistry,"A concise expression of the chemical composition of a mineral that shows the number of atoms of each element in a molecule, their spatial arrangement, and their linkage to each other.",,SiO2 (65.76); TiO2 (32.120); Al2O3 (2.21); (Mg0.77Fe0.23)2SiO4; An6.4 Ab73.6 Or20,,,Approved (consensus),Open; labelled 'Process - appears to have consensus' following the 2026 public review; awaiting implementation.
793,https://github.com/tdwg/dwc/issues/793,open,2026-01-06,,Term - add; ready for public comment; Class - Chemistry; appears to have consensus,New term,property,measuredChemistrySource,Measured Chemistry Source,GeologicalMaterial,Chemistry,A list (concatenated and separated) of resources associated with the reported measured chemistry described specifically enough to allow anyone in the future to use the same resources.,"Recommended best practice is to use full bibliographic citations, global unique identifiers, or resolvable and persistent IRIs. See the broader concept http://rs.tdwg.org/dwc/terms/associatedReferences","Novak, G. A., & Gibbs, G. V. (1971). The crystal chemistry of the silicate garnets. American Mineralogist: Journal of Earth and Planetary Materials, 56(5-6), 791-825.",,,Approved (consensus),Open; labelled 'Process - appears to have consensus' following the 2026 public review; awaiting implementation.
794,https://github.com/tdwg/dwc/issues/794,open,2026-01-08,,Term - add; ready for public comment; Class - Location; appears to have consensus,New term,property,sampledFeatureType,Sampled Feature Type,MaterialEntity,,The type of naturally occurring or anthropogenic physical feature from which a dwc:MaterialEntity was sampled.,"A sampled feature has a type and an optional name that distinguishes the feature from similar entities. Sampled features can be anthropogenic (roadcut, borehole) or naturally occurring (outcrop). Recommended best practice is to use a controlled vocabulary.",float; mine dump; mine/quarry pit; outcrop; erratic boulder,,,Approved (consensus),Open; labelled 'Process - appears to have consensus' following the 2026 public review; awaiting implementation.
795,https://github.com/tdwg/dwc/issues/795,open,2026-01-08,,Term - add; ready for public comment; Class - Location; appears to have consensus,New term,property,namedPlace,Named Place,Location,,"The full, unabbreviated name of a geographic location not otherwise categorized by a dcterms:Location property that is naturally occurring or anthropogenic in origin within a historical, administrative, or cultural context in which a dcterms:Location occurs.","Recommended best practice is to leave this field blank if the dcterms:Location spans multiple entities or may be in multiple possible entities that meet the term definition. For named places represented as URIs or global unique identifiers, please use dwc:locationID.","11th Level, Bergwerksglücker Lode, Wiemannsbucht Mine; Craigleith Quarry; Red Cloud Mine; NEON Niwot Ridge Mountain Research Station (NIWO); Hagerman Fossil Beds; Mauna Kea",,,Approved (consensus),Open; labelled 'Process - appears to have consensus' following the 2026 public review; awaiting implementation.
796,https://github.com/tdwg/dwc/issues/796,open,2026-01-08,,Term - add; ready for public comment; Class - Location; Unresolved,New term,property,isTypeLocality,Is Type Locality,Location,,A boolean value indicating whether the associated dcterms:Location is a type location for the species. The type location is the locality from which the type material used to originally define the species originated.,Recommended best practice is to follow the TDWG Boolean Controlled Vocabulary http://rs.tdwg.org/tag/doc/boolean/.,true; false,Boolean,,Unresolved,Open; labelled 'Unresolved' (definition revised 2026-07-24).
798,https://github.com/tdwg/dwc/issues/798,open,2026-01-12,,Term - add; ready for public comment; Class - GeologicalContext; appears to have consensus,New term,property,lithodemicUnit,Lithodemic Unit,GeologicalContext,,"A geologic unit that lacks stratification, is primarily comprised of intrusive, deformed, and/or metamorphosed rock, and is characterized by irregularly mixed lithology or highly complicated structural relations.","Due to the unstructured nature of complexes, both named units and lithological descriptive terms are acceptable values.",Catalina Core Complex; injection complex; New England Plutonic Suite; Sierra Nevada batholith,,,Approved (consensus),Open; labelled 'Process - appears to have consensus' following the 2026 public review; awaiting implementation.
799,https://github.com/tdwg/dwc/issues/799,open,2026-01-12,,Term - add; ready for public comment; Class - GeologicalContext; appears to have consensus,New term,property,geologicProvince,Geologic Province,GeologicalContext,,"An extensive named region with similar geologic history, structural, petrographic, or physiographic features throughout in which the GeologicalContext was located.",,Northwest Province; Surprise Paleovalley; Basin and Range; Coastal Plain; Piedmont; Blue Ridge,,,Approved (consensus),Open; labelled 'Process - appears to have consensus' following the 2026 public review; awaiting implementation.
800,https://github.com/tdwg/dwc/issues/800,open,2026-01-12,,Term - add; ready for public comment; Class - GeologicalContext; appears to have consensus,New term,property,geologicEvent,Geologic Event,GeologicalContext,,A name of an identifiable event during which one or more geologic processes acted to create or modify one or more dwc:GeologicalMaterials.,,Sevier orogeny; Alleghanian orogeny; Alpine orogeny; Variscan orogeny; Vredefort impact,,,Approved (consensus),Open; labelled 'Process - appears to have consensus' following the 2026 public review; awaiting implementation.
801,https://github.com/tdwg/dwc/issues/801,open,2026-01-12,,Term - add; ready for public comment; Class - MaterialEntity; appears to have consensus,New term,property,verbatimMass,Verbatim Mass,MaterialEntity,,"The verbatim original representation of the mass of a dwc:MaterialEntity, including original units of measurement.",,11.01 Lbs; 105.07 g; 2.45 kg,,,Approved (consensus),Open; labelled 'Process - appears to have consensus' following the 2026 public review; awaiting implementation.
802,https://github.com/tdwg/dwc/issues/802,open,2026-01-12,,Term - add; ready for public comment; Class - MaterialEntity; appears to have consensus,New term,property,measuredMassInGrams,Measured Mass In Grams,MaterialEntity,,"Mass of a dwc:MaterialEntity, measured in grams.",,0.03; 2.34; 56.6,,,Approved (consensus),Open; labelled 'Process - appears to have consensus' following the 2026 public review; awaiting implementation.
905,https://github.com/tdwg/dwc/issues/905,open,2026-07-01,,Term - change; ready for public comment; Class - Identification; appears to have consensus,Change term,property,verbatimIdentification,Verbatim Identification,Identification,,A string representing the classification as it appeared in the original record.,"This term is meant to allow the capture of an unaltered original classification/identification/determination, including identification qualifiers, hybrid formulas, uncertainties, etc. This term is meant to be used in addition to dwc:geologicalMaterialName or dwc:scientificName (and dwc:identificationQualifier etc.), not instead of it.",Peromyscus sp.; Ministrymon sp. nov. 1; Anser anser × Branta canadensis; Pachyporidae?; Potentilla × pantotricha Soják; Aconitum pilipes × A. variegatum; Lepomis auritus x cyanellus,,http://rs.tdwg.org/dwc/terms/version/verbatimIdentification-2023-06-28,Approved (consensus),Open; labelled 'Process - appears to have consensus' following the 2026 public review; awaiting implementation.
936,https://github.com/tdwg/dwc/issues/936,open,2026-07-06,,Term - add; ready for public comment; appears to have consensus,New term,property,chemistryRemarks,Chemistry Remarks,GeologicalMaterial,Chemistry,General remarks about the chemical and isotopic composition of a dwc:GeologicalMaterial.,,,string,,Approved (consensus),Open; labelled 'Process - appears to have consensus' following the 2026 public review; awaiting implementation.
937,https://github.com/tdwg/dwc/issues/937,open,2026-07-06,,Term - add; ready for public comment; appears to have consensus,New term,property,classificationCodes,Classification Codes,GeologicalMaterial,,A list (concatenated and separated) of codes that each identifies a name from a classification system applied to a dwc:GeologicalMaterial.,Recommended best practice is to separate the values in a list with space vertical bar space (` | `).,"71.02.02a.01 (""muscovite"" in the Dana classification system); 9.AD.25 (""garnet group"" in the Nickel-Strunz classification system); 75.01.03.01 | 4.DA.05 (""quartz"" the Dana classification system and ""quartz group"" in the Nickel-Strunz classification system)",string,,Approved (consensus),Open; labelled 'Process - appears to have consensus' following the 2026 public review; awaiting implementation.
938,https://github.com/tdwg/dwc/issues/938,closed,2026-07-06,2026-08-04,Term - add; ready for public comment,New term,class,Conservation,Conservation,,,"Processes, protocols, and techniques established for the purpose of the protection and preservation of a mineral or specimen.","Conservation terms are applied at the Specimen level to simplify usage. If conservation is associated with a specific mineral in a compound specimen, then that should be declared in the description.",,,,Closed as duplicate,Erroneous duplicate of #940 (Conservation class).
939,https://github.com/tdwg/dwc/issues/939,closed,2026-07-06,2026-08-16,Term - add; ready for public comment,New term,class,GeoName,GeoName,,,The designation of a geological material by a linguistic expression including both informal (verbatim) and formal (classifications) types.,,,,,Withdrawn (class not needed),Closed. Class proposals retracted in favour of a flatter model (#900 comment 2026-08-14); member properties re-homed to MaterialEntity/GeologicalMaterial. GeoName capabilities covered by dwc:Identification plus properties of the new GeologicalMaterial class (#1050).
940,https://github.com/tdwg/dwc/issues/940,closed,2026-07-06,2026-08-15,Term - add; ready for public comment; no change,New term,class,Conservation,Conservation,,,"Processes, protocols, and techniques established for the purpose of the protection and preservation of a mineral or specimen.","Conservation terms are applied at the specimen level to simplify usage. If conservation is associated with a specific part of a compound specimen, then that should be declared in the description.",,,,Withdrawn (class not needed),Closed. Class proposals retracted in favour of a flatter model (#900 comment 2026-08-14); member properties re-homed to MaterialEntity/GeologicalMaterial.
941,https://github.com/tdwg/dwc/issues/941,open,2026-07-06,,Term - add; ready for public comment; Class - MaterialEntity; appears to have consensus,New term,property,materialProportion,Material Proportion,MaterialEntity,,The qualitative or quantitative abundance of a dwc:MaterialEntity with respect to another dwc:MaterialEntity of which it is a part.,Recommended best practice is to use a controlled vocabulary such as http://resource.geosciml.org/classifier/cgi/proportionterm,20%; minor; dominant,string,,Approved (consensus),Open; labelled 'Process - appears to have consensus' following the 2026 public review; awaiting implementation.
942,https://github.com/tdwg/dwc/issues/942,open,2026-07-06,,Term - add; ready for public comment; Class - MaterialEntity; appears to have consensus,New term,property,materialRole,Role,MaterialEntity,,A category that best matches the nature of the relationship between a dwc:MaterialEntity and another dwc:MaterialEntity of which it is a part.,"Roles depend on both the part and the parent object. For instance, a rock (material category) within the parent specimen serves as a clast and depends on both the specimen part and the parent specimen for its existence. Recommended best practice is to use a controlled vocabulary such as IUGS CGI Compound Material Consituent Part, http://resource.geosciml.org/classifier/cgi/compoundmaterialconstituentpartrole",matrix; groundmass; phenocryst; xenolith; vein,string,,Approved (consensus),Open; labelled 'Process - appears to have consensus' following the 2026 public review; awaiting implementation.
943,https://github.com/tdwg/dwc/issues/943,open,2026-07-06,,Term - add; ready for public comment; appears to have consensus,New term,property,geologicalMaterialNames,Geological Material Names,GeologicalMaterial,,A list (concatenated and separated) of mineral or lithotaxon names for a dwc:GeologicalMaterial.,"May includes both informal (e.g., variety, synonym) and formal (classification) names. The first name in the list should be considered the preferred name. Recommended best practice is to separate the values in a list with space vertical bar space (` | `).",quartz | smoky quartz; muscovite; garnet group,string,,Approved (consensus),Open; labelled 'Process - appears to have consensus' following the 2026 public review; awaiting implementation.
944,https://github.com/tdwg/dwc/issues/944,open,2026-07-06,,Term - add; ready for public comment; appears to have consensus,New term,property,geologicMaterialNameID,Geologic Material Name ID,GeologicalMaterial,,An identifier for a mineral or lithotaxon name for a dwc:GeologicalMaterial. May be a global unique identifier or an identifier specific to the data set.,"Recommended best practice is to use a persistent, globally unique identifier.",https://geospecimens.org/api/v1/catalog/resource/mineral-name/ba673bdf-7228-11f0-a057-52f8e1bb0628,string,,Approved (consensus),Open; labelled 'Process - appears to have consensus' following the 2026 public review; awaiting implementation.
945,https://github.com/tdwg/dwc/issues/945,open,2026-07-06,,Term - add; ready for public comment; appears to have consensus,New term,property,classificationSystem,Classification System,Identification,,A reference to the classification system in which an authoritative name or formal classification belongs.,"Recommended best practice is to provide a formal citation or IRI. This term should not be confused with dwc:namePublishedIn as a classification system is not equivalent to a publication in which a taxon is first described. This term should not be confused with dwc:nameAccordingTo as a classification system is not equivalent to a publication or other source in which a specific taxon concept circumscription is defined or implied. This term should not be confused with dwc:nomenclaturalCode as a classification system is not equivalent to code of nomenclature, which states the rules for naming rather than an organized source of names.","Strunz, H., Nickel, E.H. (2001): Strunz Mineralogical Tables. Chemical-Structural Mineral Classification System. 9th edition. E. Schweizerbart’sche Verlagsbuchhandlung, Stuttgart, ix + 870 p. (ISBN 3-510-65188-X); Gaines, R.V., Skinner, H.C.W., Foord, E.E., Mason, B., Rosenzweig, A. (1997): Dana's New Mineralogy: The System of Mineralogy of James Dwight Dana and Edward Salisbury Dana. 8th edition. John Wiley & Sons, New York, xlv + 1819 p. (ISBN 0-471-19310-0).; https://kos.geospecimens.org/vocab/meteorite-classification; Mammal Diversity Database. (2026). Mammal Diversity Database (Version 2.5) [Data set]. [Zenodo](https://zenodo.org/records/10595931). https://doi.org/10.5281/zenodo.17033774; Index Fungorum. (2026). Index Fungorum electronic database. Royal Botanic Gardens, Kew. Retrieved August 17, 2026, from indexfungorum.org.",string,,Approved (consensus),Open; labelled 'Process - appears to have consensus' following the 2026 public review; awaiting implementation.
946,https://github.com/tdwg/dwc/issues/946,closed,2026-07-06,2026-08-12,Term - add; ready for public comment,New term,property,classificationCode,Classification Code,GeoName,,Alphanumeric pattern that adheres to a defined encoding scheme that identifies a particular term in a classification scheme.,Classification codes are specific to a classification system and conform to a xkos:notationPattern.,71.02.02a.01 | 9.AD.25,string,,Closed as duplicate,Duplicate of #937; carried forward as the list term classificationCodes.
947,https://github.com/tdwg/dwc/issues/947,open,2026-07-06,,Term - add; ready for public comment; appears to have consensus,New term,property,geologicalMaterialNameTypes,Geological Material Name Types,GeologicalMaterial,,A list (concatenated and separated) of the types of names provided in dwc:geologicalMaterialNames.,"If this term is populated, it should have an equal number of items in the list as for the list in dwc:geologicalMaterialNames and the types should have the same order as the names to which they refer. Recommended best practice is to use a controlled vocabulary for the values in a list (e.g., https://kos.geospecimens.org/def/geological-specimen-name-type). See Gavryliv (2023), https://doi.org/10.1180/mgm.2023.23, for a detailed breakdown of informal, alternate names.",species | variety; species; group; synonym; classification; historical,string,,Approved (consensus),Open; labelled 'Process - appears to have consensus' following the 2026 public review; awaiting implementation.
948,https://github.com/tdwg/dwc/issues/948,closed,2026-07-06,2026-08-16,Term - add; ready for public comment; appears to have consensus,New term,property,geologicalMaterialNameConfirmationProtocol,Geological Material Name Confirmation Protocol,GeoName,,Analytical technique utilized to confirm the identity of a geological material.,Recommended best practice is to use a controlled vocabulary such as Analytical methods for geochemistry and cosmochemistry (https://w3id.org/geochem/1.0/analyticalmethod/method).,X-ray Diffraction Raman Spectroscopy,string,,Retracted (use existing DwC term),Retracted 2026-08-16 after refactoring of GeoName terms (#939); reviewer (#948) suggested covering it with dwc:identificationType; submitter agreed.
949,https://github.com/tdwg/dwc/issues/949,closed,2026-07-06,2026-08-16,Term - add; ready for public comment; appears to have consensus,New term,property,geologicalMaterialNameRemarks,Geological Material Name Remarks,GeoName,,"Statements that provide further information on any part of a geological material name, especially information not captured elsewhere.",,,string,,Retracted (use existing DwC term),Retracted 2026-08-16; covered by dwc:identificationRemarks.
950,https://github.com/tdwg/dwc/issues/950,open,2026-07-06,,Term - add; ready for public comment; appears to have consensus,New term,property,treatments,Treatments,MaterialEntity,Conservation,Description of any processes or curatorial actions taken specifically to mitigate damage to a dwc:MaterialEntity.,Includes both proactive and reactive actions.,,string,,Approved (consensus),Open; labelled 'Process - appears to have consensus' following the 2026 public review; awaiting implementation.
951,https://github.com/tdwg/dwc/issues/951,open,2026-07-06,,Term - add; ready for public comment; appears to have consensus,New term,property,handlingRequirements,Handling Requirements,MaterialEntity,Conservation,A description of the procedures required to preserve and protect a dwc:MaterialEntity during handling.,,handle with gloves; not to be taken out of storage medium; avoid contact with direct sunlight,string,,Approved (consensus),Open; labelled 'Process - appears to have consensus' following the 2026 public review; awaiting implementation.
952,https://github.com/tdwg/dwc/issues/952,open,2026-07-06,,Term - add; ready for public comment; appears to have consensus,New term,property,damageRemarks,Damage Remarks,MaterialEntity,Conservation,A general description of any physical changes to a dwc:MaterialEntity that have negatively affected its value.,"See Royce, K., Baars, C., & Viles, H. (2021). Defining Damage and Susceptibility, with Implications for Mineral Specimens and Objects: Introducing the Mineral Susceptibility Database. Studies in Conservation, 68(3), 298-317. https://doi.org/10.1080/00393630.2021.2015947","Due to oxidation and hydration of the pyrite in the coal, the sample has largely decayed to a coal powder with some larger coal pieces | Some terminations broken off | Attached label not legible (or torn, or covered)",string,,Approved (consensus),Open; labelled 'Process - appears to have consensus' following the 2026 public review; awaiting implementation.
953,https://github.com/tdwg/dwc/issues/953,closed,2026-07-06,2026-07-24,Term - add; ready for public comment,New term,property,chemistryRemarks,Chemistry Remarks,Chemistry,,General remarks about the chemical and isotopic composition of a mineral.,,,string,,Closed as duplicate,Duplicate of #936 (chemistryRemarks).
954,https://github.com/tdwg/dwc/issues/954,open,2026-07-06,,Term - add; ready for public comment; appears to have consensus,New term,property,mineralogicalAnalysisProtocol,Mineralogical Analysis Protocol,GeologicalMaterial,Chemistry,A technique used to determine the chemical composition or crystallography of a mineral.,Acronyms should be avoided even for widely recognized annotations. Recommended best practice is to use a controlled vocabulary such as https://vocabs.ardc.edu.au/viewById/650,Wet Chemistry; X-ray fluorescence; Electron probe microanalysis; Scanning electron microscopy with energy-dispersive X-ray spectroscopy; X-ray diffraction,string,,Approved (consensus),Open; labelled 'Process - appears to have consensus' following the 2026 public review; awaiting implementation.
955,https://github.com/tdwg/dwc/issues/955,open,2026-07-06,,Term - add; ready for public comment; Class - GeologicalContext; appears to have consensus,New term,property,mineralSequence,Mineral Sequence,GeologicalMaterial,,"A list (concatenated and separated) of minerals in a dwc:GeologicalMaterial, ordered in a manner that illustrates the relative timing of mineral formation.","The list should only contain minerals that belong to a readily identifiable sequence of formation. Therefore, a list may contain a subset of the minerals in a specimen. Minerals that formed in-situ with one another are separated by a plus. Minerals that formed in the sequence are separated by a greater than (' > ') symbol.",Sphalerite > Quartz > Pyrite; Calcite > Quartz > Sphalerite > Pyrite,string,,Approved (consensus),Open; labelled 'Process - appears to have consensus' following the 2026 public review; awaiting implementation.
956,https://github.com/tdwg/dwc/issues/956,open,2026-07-06,,Term - add; ready for public comment; Class - GeologicalContext; appears to have consensus,New term,property,tectonicUnits,Tectonic Units,GeologicContext,,The combination of all tectonic unit names for the rock from which the dwc:MaterialEntity was collected.,Recommended best practice is to use an authoritative tectonic unit lexicon such as the Tectonic Map of Switzerland (TK500).,Upper Helvetic; Wildhorn Nappe Complex; Sublage Nappe,string,,Approved (consensus),Open; labelled 'Process - appears to have consensus' following the 2026 public review; awaiting implementation.
957,https://github.com/tdwg/dwc/issues/957,open,2026-07-06,,Term - add; ready for public comment; Class - Assertion; appears to have consensus,New term,property,materialDescription,Specimen Description,MaterialEntity,,"Remarks on the physical characteristics of a dwc:MaterialEntity, particularly those that distinguish it from otherwise similar dwc:MaterialEntities.",,Showpiece; Historically valuable; Extraordinary composition; Two generations of quartz,string,,Approved (consensus),Open; labelled 'Process - appears to have consensus' following the 2026 public review; awaiting implementation.
958,https://github.com/tdwg/dwc/issues/958,closed,2026-07-06,2026-08-15,Term - add; ready for public comment; Class - Assertion; no change,New term,property,verbatimSize,Verbatim Size,MaterialAssertion,,The verbatim size of a specimen as originally described in primary source material.,,10 cm x 5 cm x 5 cm | largest diameter 16 cm | width 3 inches,string,,Withdrawn as DwC property; retained as assertionType value,"Closed 'no change'. Per #900 (2026-08-14), MaterialAssertion is not a DwC class; the concept is carried forward as a value of dwc:assertionType in the Geological Material Assertion Types vocabulary (kos.geospecimens.org)."
959,https://github.com/tdwg/dwc/issues/959,closed,2026-07-06,2026-08-15,Term - add; ready for public comment; Class - Assertion; no change,New term,property,measuredWidthInMillimeters,Measured Width in Millimeters,MaterialAssertion,,Measured width of specimen reported numerically in millimeters.,"Height, width, and depth measurements should be measured along perpendicular axes from a single shared point of origin.",10,numeric,,Withdrawn as DwC property; retained as assertionType value,"Closed 'no change'. Per #900 (2026-08-14), MaterialAssertion is not a DwC class; the concept is carried forward as a value of dwc:assertionType in the Geological Material Assertion Types vocabulary (kos.geospecimens.org)."
960,https://github.com/tdwg/dwc/issues/960,closed,2026-07-06,2026-08-15,Term - add; ready for public comment; Class - Assertion; no change,New term,property,measuredHeightInMillimeters,Measured Height in Millimeters,MaterialAssertion,,Measured height of specimen reported numerically in millimeters.,"Height, width, and depth measurements should be measured along perpendicular axes from a single shared point of origin.",5,numeric,,Withdrawn as DwC property; retained as assertionType value,"Closed 'no change'. Per #900 (2026-08-14), MaterialAssertion is not a DwC class; the concept is carried forward as a value of dwc:assertionType in the Geological Material Assertion Types vocabulary (kos.geospecimens.org)."
961,https://github.com/tdwg/dwc/issues/961,closed,2026-07-06,2026-08-15,Term - add; ready for public comment; Class - Assertion; no change,New term,property,measuredDepthInMillimeters,Measured Depth in Millimeters,MaterialAssertion,,Measured depth of specimen reported numerically in millimeters.,"Height, width, and depth measurements should be measured along perpendicular axes from a single shared point of origin.",2,numeric,,Withdrawn as DwC property; retained as assertionType value,"Closed 'no change'. Per #900 (2026-08-14), MaterialAssertion is not a DwC class; the concept is carried forward as a value of dwc:assertionType in the Geological Material Assertion Types vocabulary (kos.geospecimens.org)."
962,https://github.com/tdwg/dwc/issues/962,closed,2026-07-06,2026-07-09,Term - add; Class - Assertion,New term,property,mineralDescription,Mineral Description,MaterialAssertion,,"Comments or notes about the mineral instance, especially those that distinguish the mineral from similar materials in a collection.","The scope of this term is strictly to a mineral within the context of the specimen. Specimen level descriptions belong in the related term, specimenDescription. Sibling concept to http://rs.tdwg.org/dwc/terms/occurrenceRemarks",Pink fluorite on quartz | Lengenbachite on sugar-grained dolomite | Epitaxial growth on kyanite | Doubly terminated quartz crystals,string,,Merged,Merged with specimenDescription into materialDescription (#957).
963,https://github.com/tdwg/dwc/issues/963,closed,2026-07-06,2026-08-15,Term - add; ready for public comment; Class - Assertion; no change,New term,property,maxCrystalDimensionInMillimeters,Maximum Axial Dimension,MaterialAssertion,,Maximum axial dimension of largest crystal measured in millimeters.,,30,numeric,,Withdrawn as DwC property; retained as assertionType value,"Closed 'no change'. Per #900 (2026-08-14), MaterialAssertion is not a DwC class; the concept is carried forward as a value of dwc:assertionType in the Geological Material Assertion Types vocabulary (kos.geospecimens.org)."
964,https://github.com/tdwg/dwc/issues/964,closed,2026-07-06,2026-08-15,Term - add; ready for public comment; Class - Assertion; no change,New term,property,associatedMinerals,Associated Minerals,MaterialAssertion,,List of secondary minerals associated with a mineral in a specimen.,,calcite | dolomite | baryte,string,,Withdrawn as DwC property; retained as assertionType value,"Closed 'no change'. Per #900 (2026-08-14), MaterialAssertion is not a DwC class; the concept is carried forward as a value of dwc:assertionType in the Geological Material Assertion Types vocabulary (kos.geospecimens.org)."
965,https://github.com/tdwg/dwc/issues/965,closed,2026-07-06,2026-08-15,Term - add; ready for public comment; Class - Assertion; no change,New term,property,aggregateForm,Aggregate Form,MaterialAssertion,,Observable crystal shapes of an assemblage of minerals.,Recommended best practice is to use a controlled vocabulary.,radial | botryoidal | oolithic,string,,Withdrawn as DwC property; retained as assertionType value,"Closed 'no change'. Per #900 (2026-08-14), MaterialAssertion is not a DwC class; the concept is carried forward as a value of dwc:assertionType in the Geological Material Assertion Types vocabulary (kos.geospecimens.org)."
966,https://github.com/tdwg/dwc/issues/966,closed,2026-07-06,2026-08-15,Term - add; ready for public comment; Class - Assertion; no change,New term,property,crystalHabit,Crystal Habit,MaterialAssertion,,A general term for describing the outward appearance of a mineral.,"Recommended best practice is to use a controlled vocabulary. For a given type of crystal, the habit may vary from locality to locality depending on environment of growth.",isometric | tabular | fibrous | dogtooth | nailhead,string,,Withdrawn as DwC property; retained as assertionType value,"Closed 'no change'. Per #900 (2026-08-14), MaterialAssertion is not a DwC class; the concept is carried forward as a value of dwc:assertionType in the Geological Material Assertion Types vocabulary (kos.geospecimens.org)."
967,https://github.com/tdwg/dwc/issues/967,closed,2026-07-06,2026-08-15,Term - add; ready for public comment; Class - Assertion; no change,New term,property,crystalForm,Crystal Form,MaterialAssertion,,Geometric shape of a crystal.,Recommended best practice is to use a controlled vocabulary. Alternate definition: A crystal form is a set of crystal faces that are related to each other by symmetry.,cube | ditrigonal pyramid | scalenohedron,string,,Withdrawn as DwC property; retained as assertionType value,"Closed 'no change'. Per #900 (2026-08-14), MaterialAssertion is not a DwC class; the concept is carried forward as a value of dwc:assertionType in the Geological Material Assertion Types vocabulary (kos.geospecimens.org)."
968,https://github.com/tdwg/dwc/issues/968,closed,2026-07-06,2026-08-15,Term - add; ready for public comment; Class - Assertion; no change,New term,property,twinningLaw,Twinning Law,MaterialAssertion,,Short description of any physically discernible twinning.,,Dauphine twinning/Dauphine Law | Japan twinning/Japan Law | Brazil twinning/Brazil Law,string,,Withdrawn as DwC property; retained as assertionType value,"Closed 'no change'. Per #900 (2026-08-14), MaterialAssertion is not a DwC class; the concept is carried forward as a value of dwc:assertionType in the Geological Material Assertion Types vocabulary (kos.geospecimens.org)."
969,https://github.com/tdwg/dwc/issues/969,closed,2026-07-06,2026-08-15,Term - add; ready for public comment; Class - Assertion; no change,New term,property,color,Color,MaterialAssertion,,The intrinsic color of a geological material under natural light.,"Here, color is caused by the absorption, or lack of absorption of different wavelengths of natural light by a particular geological material.",Blue | green | red | iridescent,string,,Withdrawn as DwC property; retained as assertionType value,"Closed 'no change'. Per #900 (2026-08-14), MaterialAssertion is not a DwC class; the concept is carried forward as a value of dwc:assertionType in the Geological Material Assertion Types vocabulary (kos.geospecimens.org)."
970,https://github.com/tdwg/dwc/issues/970,closed,2026-07-06,2026-08-15,Term - add; ready for public comment; Class - Assertion; no change,New term,property,exsolutionTexture,Exsolution Texture,MaterialAssertion,,A brief description of textures formed by exsolution.,,Ilmenite lamellae in olivine | Clinopyroxene lamellae along the (100) plane of orthopyroxene | Antiperthite exsolution,string,,Withdrawn as DwC property; retained as assertionType value,"Closed 'no change'. Per #900 (2026-08-14), MaterialAssertion is not a DwC class; the concept is carried forward as a value of dwc:assertionType in the Geological Material Assertion Types vocabulary (kos.geospecimens.org)."
971,https://github.com/tdwg/dwc/issues/971,closed,2026-07-06,2026-09-02,Term - add; ready for public comment; Class - Assertion; no change,New term,property,cleavage,Cleavage,MaterialEntity,MaterialAssertion,"Description of the type of breakages along a plane of weakness, especially those parallel to crystal faces.",,Exceptionally well-developed rectangular cleavage,string,,Withdrawn as DwC property; retained as assertionType value,"Closed 'no change'. Per #900 (2026-08-14), MaterialAssertion is not a DwC class; the concept is carried forward as a value of dwc:assertionType in the Geological Material Assertion Types vocabulary (kos.geospecimens.org)."
972,https://github.com/tdwg/dwc/issues/972,closed,2026-07-06,2026-08-15,Term - add; ready for public comment; Class - Assertion; no change,New term,property,luster,Luster,MaterialAssertion,,"The reflection of light from the surface of a mineral, described by its quality and intensity.",Recommended best practice is to use a controlled vocabulary.,Metallic | Glassy | Waxy,string,,Withdrawn as DwC property; retained as assertionType value,"Closed 'no change'. Per #900 (2026-08-14), MaterialAssertion is not a DwC class; the concept is carried forward as a value of dwc:assertionType in the Geological Material Assertion Types vocabulary (kos.geospecimens.org)."
973,https://github.com/tdwg/dwc/issues/973,closed,2026-07-06,2026-08-15,Term - add; ready for public comment; Class - Assertion; no change,New term,property,inclusions,Inclusions,MaterialAssertion,,Short description of any inclusions present within a mineral that includes the phase and physical characteristics.,"Inclusions are defined as small foreign bodies (solid, liquid, or gas) within the physical bounds of a material commonly trapped during formation.",Star-shaped rutile needles in quartz | Needles of tourmaline in quartz (blue quartz) | Fluid inclusions (liquid bubble and single crystal) in quartz,string,,Withdrawn as DwC property; retained as assertionType value,"Closed 'no change'. Per #900 (2026-08-14), MaterialAssertion is not a DwC class; the concept is carried forward as a value of dwc:assertionType in the Geological Material Assertion Types vocabulary (kos.geospecimens.org)."
974,https://github.com/tdwg/dwc/issues/974,closed,2026-07-06,2026-08-15,Term - add; ready for public comment; Class - Assertion; no change,New term,property,luminescence,Luminescence Description,MaterialAssertion,,The type and nature of light emitted from the mineral upon receiving energy from an external source.,"Includes all types of luminescence including fluorescence (all wavelengths) and phosphorescence. Recommended best practice is to use nomenclature in part based on the source of energy, or the trigger for the luminescence.",Green fluorescence | Pink under short wave UV light,string,,Withdrawn as DwC property; retained as assertionType value,"Closed 'no change'. Per #900 (2026-08-14), MaterialAssertion is not a DwC class; the concept is carried forward as a value of dwc:assertionType in the Geological Material Assertion Types vocabulary (kos.geospecimens.org)."
975,https://github.com/tdwg/dwc/issues/975,closed,2026-07-06,2026-08-15,Term - add; ready for public comment; Class - Assertion; no change,New term,property,alterationDescription,Alteration Description,MaterialAssertion,,A description of any observed changes in the composition of a geological material brought about by physical or chemical processes related to changes in the physical or chemical environment.,"Definition adopted from the concepts under term sources: http://linked.data.gov.au/def/geological-observation-type/alteration, http://www.opengis.net/gsml/4.1/GeoSciML-Extension",Dolomitization | Fenitization | Rodingitization,string,,Withdrawn as DwC property; retained as assertionType value,"Closed 'no change'. Per #900 (2026-08-14), MaterialAssertion is not a DwC class; the concept is carried forward as a value of dwc:assertionType in the Geological Material Assertion Types vocabulary (kos.geospecimens.org)."
1050,https://github.com/tdwg/dwc/issues/1050,open,2026-08-14,,Term - add; ready for public comment; appears to have consensus; Class - GeologicalMaterial,New term,class,GeologicalMaterial,Geological Material,,,A dwc:MaterialEntity that is geological in nature.,,a specific mineral; a specific rock; a specific ore,,,Approved (consensus),Open; labelled 'Process - appears to have consensus' following the 2026 public review; awaiting implementation.
