concept,dwc_issue_term,dwc_issue_numbers,dwc_issue_urls,review_outcome,final_status,issue_term_type,issue_organized_in_class,issue_definition,issue_usage_notes,issue_examples,repo_term,repo_label,repo_class,repo_namespace,repo_material_scope,repo_definition,repo_match,repo_vs_issue_definition,kos_notation,kos_pref_label,kos_iri,kos_status,kos_definition,kos_vs_issue_definition,notes
GeologicalMaterial,GeologicalMaterial,#1050,https://github.com/tdwg/dwc/issues/1050,Approved (consensus),Approved (consensus),class,,A dwc:MaterialEntity that is geological in nature.,,a specific mineral; a specific rock; a specific ore,,,,,,,not in repo list,,,,,,,,New class created during the review (subtype of dwc:MaterialEntity) to hold geology-only properties. Not yet in the repo term list; add it.
MaterialEntity,,,,,Not proposed in dwc (repo only),,,,,,MaterialEntity,Material Entity,MaterialEntity,dwc,,,repo only,,,,,,,,Existing DwC class; listed in the repo for context only (no issue needed).
materialProportion,materialProportion,#941,https://github.com/tdwg/dwc/issues/941,Approved (consensus),Approved (consensus),property,MaterialEntity,The qualitative or quantitative abundance of a dwc:MaterialEntity with respect to another dwc:MaterialEntity of which it is a part.,Recommended best practice is to use a controlled vocabulary such as http://resource.geosciml.org/classifier/cgi/proportionterm,20%; minor; dominant,materialProportion,Proportion,MaterialEntity,dwc,Specimen Part,The qualitative or quantitative abundance of a specimen part relative to its parent compound specimen.,same name,differs,,,,,,,
materialRole,materialRole,#942,https://github.com/tdwg/dwc/issues/942,Approved (consensus),Approved (consensus),property,MaterialEntity,A category that best matches the nature of the relationship between a dwc:MaterialEntity and another dwc:MaterialEntity of which it is a part.,"Roles depend on both the part and the parent object. For instance, a rock (material category) within the parent specimen serves as a clast and depends on both the specimen part and the parent specimen for its existence. Recommended best practice is to use a controlled vocabulary such as IUGS CGI Compound Material Consituent Part, http://resource.geosciml.org/classifier/cgi/compoundmaterialconstituentpartrole",matrix; groundmass; phenocryst; xenolith; vein,materialRole,Role,MaterialEntity,dwc,Specimen Part,Specifies the relationship between a specimen part and its parent compound specimen.,same name,differs,,,,,,,
materialDescription,materialDescription,#957; #962,https://github.com/tdwg/dwc/issues/957; https://github.com/tdwg/dwc/issues/962,Approved (consensus),Approved (consensus),property,MaterialEntity,"Remarks on the physical characteristics of a dwc:MaterialEntity, particularly those that distinguish it from otherwise similar dwc:MaterialEntities.",,Showpiece; Historically valuable; Extraordinary composition; Two generations of quartz,materialDescription,Material Description,MaterialEntity,dwc,,Comments or notes about the specimen (physical object) especially those that distinguish the specimen from similar materials in a collection.,same name,differs,,,,,,,#962 mineralDescription was merged into this term.
verbatimMass,verbatimMass,#801,https://github.com/tdwg/dwc/issues/801,Approved (consensus),Approved (consensus),property,MaterialEntity,"The verbatim original representation of the mass of a dwc:MaterialEntity, including original units of measurement.",,11.01 Lbs; 105.07 g; 2.45 kg,verbatimMass,Verbatim Mass,MaterialEntity,geoext,Specimen,The original reported verbatim mass includes original units of measurement,same name,differs,,,,,,,
measuredMassInGrams,measuredMassInGrams,#802,https://github.com/tdwg/dwc/issues/802,Approved (consensus),Approved (consensus),property,MaterialEntity,"Mass of a dwc:MaterialEntity, measured in grams.",,0.03; 2.34; 56.6,measuredMassInGrams,Measured Mass In Grams,MaterialEntity,geoext,Specimen,Mass of specimen measured in grams,same name,differs,,,,,,,
GeoName,GeoName,#939,https://github.com/tdwg/dwc/issues/939,Withdrawn (class not needed),Withdrawn (class not needed),class,,The designation of a geological material by a linguistic expression including both informal (verbatim) and formal (classifications) types.,,,GeoName,GeoName,GeoName,dwc,,The designation of a geological material by a linguistic expression including both informal (verbatim) and formal (classifications) types.,same name,identical,,,,,,,Class withdrawn; the repo still lists GeoName as a class.
geologicalMaterialNames,geologicalMaterialNames,#943,https://github.com/tdwg/dwc/issues/943,Approved (consensus),Approved (consensus),property,GeologicalMaterial,A list (concatenated and separated) of mineral or lithotaxon names for a dwc:GeologicalMaterial.,"May includes both informal (e.g., variety, synonym) and formal (classification) names. The first name in the list should be considered the preferred name. Recommended best practice is to separate the values in a list with space vertical bar space (` | `).",quartz | smoky quartz; muscovite; garnet group,geologicalMaterialName,Geological Material Name,GeoName,dwc,Specimen Part,"A human-readable lexical label assigned to a geological material includes both informal (e.g., variety, synonym) and formal (classification) forms.",renamed (geologicalMaterialName -> geologicalMaterialNames),differs,,,,,,,Renamed to plural list form during review; the repo still uses the singular geologicalMaterialName.
geologicalMaterialNameID,geologicMaterialNameID,#944,https://github.com/tdwg/dwc/issues/944,Approved (consensus),Approved (consensus),property,GeologicalMaterial,An identifier for a mineral or lithotaxon name for a dwc:GeologicalMaterial. May be a global unique identifier or an identifier specific to the data set.,"Recommended best practice is to use a persistent, globally unique identifier.",https://geospecimens.org/api/v1/catalog/resource/mineral-name/ba673bdf-7228-11f0-a057-52f8e1bb0628,geologicalMaterialNameID,Geological Material Name Identifier,GeoName,dwc,Specimen Part,An identifier for the set of dwc:GeoName information. May be a globally unique identifier or a dataset-specific identifier.,renamed (geologicalMaterialNameID -> geologicMaterialNameID),differs,,,,,,,The issue title says geologicalMaterialNameID but the proposal body says geologicMaterialNameID; the repo uses geologicalMaterialNameID. Reconcile the spelling in the issue body.
geologicalMaterialNameTypes,geologicalMaterialNameTypes,#947,https://github.com/tdwg/dwc/issues/947,Approved (consensus),Approved (consensus),property,GeologicalMaterial,A list (concatenated and separated) of the types of names provided in dwc:geologicalMaterialNames.,"If this term is populated, it should have an equal number of items in the list as for the list in dwc:geologicalMaterialNames and the types should have the same order as the names to which they refer. Recommended best practice is to use a controlled vocabulary for the values in a list (e.g., https://kos.geospecimens.org/def/geological-specimen-name-type). See Gavryliv (2023), https://doi.org/10.1180/mgm.2023.23, for a detailed breakdown of informal, alternate names.",species | variety; species; group; synonym; classification; historical,geologicalMaterialNameType,Geological Material Name Type,GeoName,dwc,Specimen Part,A term belonging to a categorization scheme for organizing geological material names based on usage and concept lineage.,renamed (geologicalMaterialNameType -> geologicalMaterialNameTypes),differs,,,,,,,Renamed to plural list form during review; the repo still uses the singular geologicalMaterialNameType.
geologicalMaterialNameLanguage,,,,,Not proposed in dwc (repo only),,,,,,geologicalMaterialNameLanguage,Geological Material Name Language,GeoName,dcterms,Specimen Part,Language of the name,repo only,,,,,,,,In the repo list (dcterms namespace) but no DwC issue was filed. Not part of the review.
classificationSystem,classificationSystem,#945,https://github.com/tdwg/dwc/issues/945,Approved (consensus),Approved (consensus),property,Identification,A reference to the classification system in which an authoritative name or formal classification belongs.,"Recommended best practice is to provide a formal citation or IRI. This term should not be confused with dwc:namePublishedIn as a classification system is not equivalent to a publication in which a taxon is first described. This term should not be confused with dwc:nameAccordingTo as a classification system is not equivalent to a publication or other source in which a specific taxon concept circumscription is defined or implied. This term should not be confused with dwc:nomenclaturalCode as a classification system is not equivalent to code of nomenclature, which states the rules for naming rather than an organized source of names.","Strunz, H., Nickel, E.H. (2001): Strunz Mineralogical Tables. Chemical-Structural Mineral Classification System. 9th edition. E. Schweizerbart’sche Verlagsbuchhandlung, Stuttgart, ix + 870 p. (ISBN 3-510-65188-X); Gaines, R.V., Skinner, H.C.W., Foord, E.E., Mason, B., Rosenzweig, A. (1997): Dana's New Mineralogy: The System of Mineralogy of James Dwight Dana and Edward Salisbury Dana. 8th edition. John Wiley & Sons, New York, xlv + 1819 p. (ISBN 0-471-19310-0).; https://kos.geospecimens.org/vocab/meteorite-classification; Mammal Diversity Database. (2026). Mammal Diversity Database (Version 2.5) [Data set]. [Zenodo](https://zenodo.org/records/10595931). https://doi.org/10.5281/zenodo.17033774; Index Fungorum. (2026). Index Fungorum electronic database. Royal Botanic Gardens, Kew. Retrieved August 17, 2026, from indexfungorum.org.",classificationSystem,Classification System,GeoName,dwc,Specimen Part,"A reference to the classification system in which an authoritative name or formal classification belongs, provided as formal citations or URI to an external resource.",same name,differs,,,,,,,Re-homed from GeoName to dwc:Identification.
classificationCodes,classificationCodes,#937; #946,https://github.com/tdwg/dwc/issues/937; https://github.com/tdwg/dwc/issues/946,Approved (consensus),Approved (consensus),property,GeologicalMaterial,A list (concatenated and separated) of codes that each identifies a name from a classification system applied to a dwc:GeologicalMaterial.,Recommended best practice is to separate the values in a list with space vertical bar space (` | `).,"71.02.02a.01 (""muscovite"" in the Dana classification system); 9.AD.25 (""garnet group"" in the Nickel-Strunz classification system); 75.01.03.01 | 4.DA.05 (""quartz"" the Dana classification system and ""quartz group"" in the Nickel-Strunz classification system)",classificationCode,Classification Code,GeoName,dwc,Specimen Part,Alphanumeric pattern that adheres to a defined encoding scheme that identifies a particular term in a classification scheme.,renamed (classificationCode -> classificationCodes),differs,,,,,,,#946 classificationCode was closed as a duplicate of #937; the repo still uses the singular classificationCode.
geologicalMaterialNameConfirmationProtocol,geologicalMaterialNameConfirmationProtocol,#948,https://github.com/tdwg/dwc/issues/948,Retracted (use existing DwC term),Retracted (use existing DwC term),property,GeoName,Analytical technique utilized to confirm the identity of a geological material.,Recommended best practice is to use a controlled vocabulary such as Analytical methods for geochemistry and cosmochemistry (https://w3id.org/geochem/1.0/analyticalmethod/method).,X-ray Diffraction Raman Spectroscopy,geologicalMaterialNameConfirmationProtocol,Geological Material Name Confirmation Protocol,GeoName,geoext,Specimen Part,Analytical technique utilized to confirm the identity of a geological material.,same name,identical,,,,,,,Retracted; the repo still lists it (geoext namespace).
geologicalMaterialNameRemarks,geologicalMaterialNameRemarks,#949,https://github.com/tdwg/dwc/issues/949,Retracted (use existing DwC term),Retracted (use existing DwC term),property,GeoName,"Statements that provide further information on any part of a geological material name, especially information not captured elsewhere.",,,geologicalMaterialNameRemarks,Geological Material Name Remarks,GeoName,geoext,Specimen Part,"Statements that provide further information on any part of a geological material name, especially information not captured elsewhere.",same name,identical,,,,,,,Retracted in favour of dwc:identificationRemarks; the repo still lists it (geoext namespace).
verbatimIdentification,verbatimIdentification,#905,https://github.com/tdwg/dwc/issues/905,Approved (consensus),Approved (consensus),property,Identification,A string representing the classification as it appeared in the original record.,"This term is meant to allow the capture of an unaltered original classification/identification/determination, including identification qualifiers, hybrid formulas, uncertainties, etc. This term is meant to be used in addition to dwc:geologicalMaterialName or dwc:scientificName (and dwc:identificationQualifier etc.), not instead of it.",Peromyscus sp.; Ministrymon sp. nov. 1; Anser anser × Branta canadensis; Pachyporidae?; Potentilla × pantotricha Soják; Aconitum pilipes × A. variegatum; Lepomis auritus x cyanellus,,,,,,,not in repo list,,,,,,,,Change to an existing DwC term (definition broadened from 'taxonomic identification' to 'classification'). Not in the repo term list.
MaterialAssertion,,,,,Not proposed in dwc (repo only),,,,,,MaterialAssertion,Material Assertion,MaterialAssertion,dwc,,"An Assertion is a statement about an entity and the process by which it was ascertained. An Assertion can be made at one time and assert the state of something at another time. Examples: a measurement, an observation, an annotation.",repo only,,,,,,,,"Listed in the repo as a class, but it is not a DwC class. It is the DwC-DP table whose assertionType values come from the kos vocabulary."
verbatimSize,verbatimSize,#958,https://github.com/tdwg/dwc/issues/958,Withdrawn as DwC property; retained as assertionType value,"Assertion type (kos vocabulary), not a DwC term",property,MaterialAssertion,The verbatim size of a specimen as originally described in primary source material.,,10 cm x 5 cm x 5 cm | largest diameter 16 cm | width 3 inches,verbatimSize,Verbatim Size,MaterialAssertion,geoext,Specimen,The verbatim size of a specimen as originally described in primary source material.,same name,identical,verbatimSize,Verbatim Size,https://kos.geospecimens.org/def/geological-material-assertion-type/verbatim-size,submitted,The verbatim size of a specimen as originally described in primary source material.,identical,
measuredWidthInMillimeters,measuredWidthInMillimeters,#959,https://github.com/tdwg/dwc/issues/959,Withdrawn as DwC property; retained as assertionType value,"Assertion type (kos vocabulary), not a DwC term",property,MaterialAssertion,Measured width of specimen reported numerically in millimeters.,"Height, width, and depth measurements should be measured along perpendicular axes from a single shared point of origin.",10,measuredWidthInMillimeters,Measured Width in Millimeters,MaterialAssertion,geoext,Specimen,Measured width of specimen reported numerically in millimeters.,same name,identical,measuredWidthInMillimeters,Measured Width in Millimeters,https://kos.geospecimens.org/def/geological-material-assertion-type/measured-width-in-millimeters,submitted,Measured width of specimen reported numerically in millimeters.,identical,
measuredHeightInMillimeters,measuredHeightInMillimeters,#960,https://github.com/tdwg/dwc/issues/960,Withdrawn as DwC property; retained as assertionType value,"Assertion type (kos vocabulary), not a DwC term",property,MaterialAssertion,Measured height of specimen reported numerically in millimeters.,"Height, width, and depth measurements should be measured along perpendicular axes from a single shared point of origin.",5,measuredHeightInMillimeters,Measured Height in Millimeters,MaterialAssertion,geoext,Specimen,Measured height of specimen reported numerically in millimeters.,same name,identical,measuredHeightInMillimeters,Measured Height in Millimeters,https://kos.geospecimens.org/def/geological-material-assertion-type/measured-height-in-millimeters,submitted,Measured height of specimen reported numerically in millimeters.,identical,
measuredDepthInMillimeters,measuredDepthInMillimeters,#961,https://github.com/tdwg/dwc/issues/961,Withdrawn as DwC property; retained as assertionType value,"Assertion type (kos vocabulary), not a DwC term",property,MaterialAssertion,Measured depth of specimen reported numerically in millimeters.,"Height, width, and depth measurements should be measured along perpendicular axes from a single shared point of origin.",2,measuredDepthInMillimeters,Measured Depth in Millimeters,MaterialAssertion,geoext,Specimen,Measured depth of specimen reported numerically in millimeters.,same name,identical,measuredDepthInMillimeters,Measured Depth in Millimeters,https://kos.geospecimens.org/def/geological-material-assertion-type/measured-depth-in-millimeters,submitted,Measured depth of specimen reported numerically in millimeters.,identical,
maxCrystalDimensionInMillimeters,maxCrystalDimensionInMillimeters,#963,https://github.com/tdwg/dwc/issues/963,Withdrawn as DwC property; retained as assertionType value,"Assertion type (kos vocabulary), not a DwC term",property,MaterialAssertion,Maximum axial dimension of largest crystal measured in millimeters.,,30,maxCrystalDimensionInMillimeters,Maximum Axial Dimension,MaterialAssertion,geoext,Specimen Part,Maximum axial dimension of largest crystal measured in millimeters.,same name,identical,maxCrystalDimensionInMillimeters,Maximum Axial Dimension,https://kos.geospecimens.org/def/geological-material-assertion-type/maximum-axial-dimension,submitted,Maximum axial dimension of largest crystal measured in millimeters.,identical,
associatedMinerals,associatedMinerals,#964,https://github.com/tdwg/dwc/issues/964,Withdrawn as DwC property; retained as assertionType value,"Assertion type (kos vocabulary), not a DwC term",property,MaterialAssertion,List of secondary minerals associated with a mineral in a specimen.,,calcite | dolomite | baryte,associatedMinerals,Associated Minerals,MaterialAssertion,geoext,Specimen Part,List of secondary minerals associated with a mineral in a specimen.,same name,identical,associatedMinerals,Associated Minerals,https://kos.geospecimens.org/def/geological-material-assertion-type/associated-minerals,submitted,List of secondary minerals associated with a mineral in a specimen.,identical,
aggregateForm,aggregateForm,#965,https://github.com/tdwg/dwc/issues/965,Withdrawn as DwC property; retained as assertionType value,"Assertion type (kos vocabulary), not a DwC term",property,MaterialAssertion,Observable crystal shapes of an assemblage of minerals.,Recommended best practice is to use a controlled vocabulary.,radial | botryoidal | oolithic,aggregateForm,Aggregate Form,MaterialAssertion,geoext,Specimen,Observable crystal shapes of an assemblage of minerals.,same name,identical,aggregateForm,Aggregate Form,https://kos.geospecimens.org/def/geological-material-assertion-type/aggregate-form,submitted,Observable crystal shapes of an assemblage of minerals.,identical,
crystalHabit,crystalHabit,#966,https://github.com/tdwg/dwc/issues/966,Withdrawn as DwC property; retained as assertionType value,"Assertion type (kos vocabulary), not a DwC term",property,MaterialAssertion,A general term for describing the outward appearance of a mineral.,"Recommended best practice is to use a controlled vocabulary. For a given type of crystal, the habit may vary from locality to locality depending on environment of growth.",isometric | tabular | fibrous | dogtooth | nailhead,crystalHabit,Crystal Habit,MaterialAssertion,geoext,Specimen Part,A general term for describing the outward appearance of a mineral.,same name,identical,crystalHabit,Crystal Habit,https://kos.geospecimens.org/def/geological-material-assertion-type/crystal-habit,submitted,A general term for describing the outward appearance of a mineral.,identical,
crystalForm,crystalForm,#967,https://github.com/tdwg/dwc/issues/967,Withdrawn as DwC property; retained as assertionType value,"Assertion type (kos vocabulary), not a DwC term",property,MaterialAssertion,Geometric shape of a crystal.,Recommended best practice is to use a controlled vocabulary. Alternate definition: A crystal form is a set of crystal faces that are related to each other by symmetry.,cube | ditrigonal pyramid | scalenohedron,crystalForm,Crystal Form,MaterialAssertion,geoext,Specimen Part,Geometric shape of a crystal.,same name,identical,crystalForm,Crystal Form,https://kos.geospecimens.org/def/geological-material-assertion-type/crystal-form,submitted,Geometric shape of a crystal.,identical,
twinningLaw,twinningLaw,#968,https://github.com/tdwg/dwc/issues/968,Withdrawn as DwC property; retained as assertionType value,"Assertion type (kos vocabulary), not a DwC term",property,MaterialAssertion,Short description of any physically discernible twinning.,,Dauphine twinning/Dauphine Law | Japan twinning/Japan Law | Brazil twinning/Brazil Law,twinningLaw,Twinning Law,MaterialAssertion,geoext,Specimen Part,Short description of any physically discernible twinning.,same name,identical,twinningLaw,Twinning Law,https://kos.geospecimens.org/def/geological-material-assertion-type/twinning-law,submitted,Short description of any physically discernible twinning.,identical,
color,color,#969,https://github.com/tdwg/dwc/issues/969,Withdrawn as DwC property; retained as assertionType value,"Assertion type (kos vocabulary), not a DwC term",property,MaterialAssertion,The intrinsic color of a geological material under natural light.,"Here, color is caused by the absorption, or lack of absorption of different wavelengths of natural light by a particular geological material.",Blue | green | red | iridescent,color,Color,MaterialAssertion,geoext,Specimen Part,The intrinsic color of a geological material under natural light.,same name,identical,color,Color,https://kos.geospecimens.org/def/geological-material-assertion-type/color,submitted,The intrinsic color of a geological material under natural light.,identical,
exsolutionTexture,exsolutionTexture,#970,https://github.com/tdwg/dwc/issues/970,Withdrawn as DwC property; retained as assertionType value,"Assertion type (kos vocabulary), not a DwC term",property,MaterialAssertion,A brief description of textures formed by exsolution.,,Ilmenite lamellae in olivine | Clinopyroxene lamellae along the (100) plane of orthopyroxene | Antiperthite exsolution,exsolutionTexture,Exsolution Texture,MaterialAssertion,geoext,Specimen Part,A brief description of textures formed by exsolution.,same name,identical,exsolutionTexture,Exsolution Texture,https://kos.geospecimens.org/def/geological-material-assertion-type/exsolution-texture,submitted,A brief description of textures formed by exsolution.,identical,
cleavage,cleavage,#971,https://github.com/tdwg/dwc/issues/971,Withdrawn as DwC property; retained as assertionType value,"Assertion type (kos vocabulary), not a DwC term",property,MaterialEntity,"Description of the type of breakages along a plane of weakness, especially those parallel to crystal faces.",,Exceptionally well-developed rectangular cleavage,cleavage,Cleavage,MaterialAssertion,geoext,Specimen Part,"Type of breakages along a plane of weakness, especially those parallel to crystal faces.",same name,differs,cleavage,Cleavage,https://kos.geospecimens.org/def/geological-material-assertion-type/cleavage,submitted,"Type of breakages along a plane of weakness, especially those parallel to crystal faces.",differs,
luster,luster,#972,https://github.com/tdwg/dwc/issues/972,Withdrawn as DwC property; retained as assertionType value,"Assertion type (kos vocabulary), not a DwC term",property,MaterialAssertion,"The reflection of light from the surface of a mineral, described by its quality and intensity.",Recommended best practice is to use a controlled vocabulary.,Metallic | Glassy | Waxy,luster,Luster,MaterialAssertion,geoext,Specimen Part,"The reflection of light from the surface of a mineral, described by its quality and intensity.",same name,identical,luster,Luster,https://kos.geospecimens.org/def/geological-material-assertion-type/luster,submitted,"The reflection of light from the surface of a mineral, described by its quality and intensity.",identical,
inclusions,inclusions,#973,https://github.com/tdwg/dwc/issues/973,Withdrawn as DwC property; retained as assertionType value,"Assertion type (kos vocabulary), not a DwC term",property,MaterialAssertion,Short description of any inclusions present within a mineral that includes the phase and physical characteristics.,"Inclusions are defined as small foreign bodies (solid, liquid, or gas) within the physical bounds of a material commonly trapped during formation.",Star-shaped rutile needles in quartz | Needles of tourmaline in quartz (blue quartz) | Fluid inclusions (liquid bubble and single crystal) in quartz,inclusions,Inclusions,MaterialAssertion,geoext,Specimen Part,Short description of any inclusions present within a mineral that includes the phase and physical characteristics.,same name,identical,inclusions,Inclusions,https://kos.geospecimens.org/def/geological-material-assertion-type/inclusions,submitted,Short description of any inclusions present within a mineral that includes the phase and physical characteristics.,identical,
luminescence,luminescence,#974,https://github.com/tdwg/dwc/issues/974,Withdrawn as DwC property; retained as assertionType value,"Assertion type (kos vocabulary), not a DwC term",property,MaterialAssertion,The type and nature of light emitted from the mineral upon receiving energy from an external source.,"Includes all types of luminescence including fluorescence (all wavelengths) and phosphorescence. Recommended best practice is to use nomenclature in part based on the source of energy, or the trigger for the luminescence.",Green fluorescence | Pink under short wave UV light,luminescence,Luminescence Description,MaterialAssertion,geoext,Specimen Part,The type and nature of light emitted from the mineral upon receiving energy from an external source.,same name,identical,luminescence,Luminescence Description,https://kos.geospecimens.org/def/geological-material-assertion-type/luminescence-description,submitted,The type and nature of light emitted from the mineral upon receiving energy from an external source.,identical,
alterationDescription,alterationDescription,#975,https://github.com/tdwg/dwc/issues/975,Withdrawn as DwC property; retained as assertionType value,"Assertion type (kos vocabulary), not a DwC term",property,MaterialAssertion,A description of any observed changes in the composition of a geological material brought about by physical or chemical processes related to changes in the physical or chemical environment.,"Definition adopted from the concepts under term sources: http://linked.data.gov.au/def/geological-observation-type/alteration, http://www.opengis.net/gsml/4.1/GeoSciML-Extension",Dolomitization | Fenitization | Rodingitization,alterationDescription,Alteration Description,MaterialAssertion,geoext,Specimen Part,A description of any observed changes in the composition of a geological material brought about by physical or chemical processes related to changes in the physical or chemical environment.,same name,identical,alterationDescription,Alteration Description,https://kos.geospecimens.org/def/geological-material-assertion-type/alteration-description,submitted,A description of any observed changes in the composition of a geological material brought about by physical or chemical processes related to changes in the physical or chemical environment.,identical,
Hazard,Hazard,#789,https://github.com/tdwg/dwc/issues/789,Withdrawn (class not needed),Withdrawn (class not needed),class,,"Properties that describe sources of potential damage, harm, or adverse health effects on something or someone.",,,,,,,,,not in repo list,,,,,,,,Class issue (#789) withdrawn; the repo list has no Hazard class row (only hazardType and hazardRemarks with class_name Hazard).
hazardType,hazardType,#788,https://github.com/tdwg/dwc/issues/788,Approved (consensus),Approved (consensus),property,MaterialEntity,A term that belongs to a hazard classification scheme based on a set of unique characteristics and negative health outcomes.,Recommended best practice is to use a controlled vocabulary such as https://kos.geospecimens.org/vocab/hazard-type,carcinogen; skin irritant; radioactive; toxic,hazardType,Hazard Type,Hazard,geoext,Specimen,A term that belongs to a hazard classification scheme based on a set of unique characteristics and negative health outcomes.,same name,identical,,,,,,,
hazardRemarks,hazardRemarks,#790,https://github.com/tdwg/dwc/issues/790,Approved (consensus),Approved (consensus),property,MaterialEntity,Comments or notes about the type of hazards associated with a dwc:MaterialEntity.,,asbestos; slightly radioactive; requires skin protection,hazardRemarks,Hazard Remarks,Hazard,geoext,Specimen,General remarks regarding the hazard type within the scope of the specific collection object,same name,differs,,,,,,,
Conservation,Conservation,#940; #938,https://github.com/tdwg/dwc/issues/940; https://github.com/tdwg/dwc/issues/938,Withdrawn (class not needed),Withdrawn (class not needed),class,,"Processes, protocols, and techniques established for the purpose of the protection and preservation of a mineral or specimen.","Conservation terms are applied at the specimen level to simplify usage. If conservation is associated with a specific part of a compound specimen, then that should be declared in the description.",,Conservation,Conservation,Conservation,geoext,,"Processes, protocols, and techniques established for the purpose of the protection and preservation of a mineral or specimen.",same name,identical,,,,,,,Class withdrawn; the repo still lists Conservation as a class.
treatments,treatments,#950,https://github.com/tdwg/dwc/issues/950,Approved (consensus),Approved (consensus),property,MaterialEntity,Description of any processes or curatorial actions taken specifically to mitigate damage to a dwc:MaterialEntity.,Includes both proactive and reactive actions.,,treatments,Treatments,Conservation,geoext,Specimen,Description of any processes or curatorial actions taken specifically to mitigate damage.,same name,differs,,,,,,,
handlingRequirements,handlingRequirements,#951,https://github.com/tdwg/dwc/issues/951,Approved (consensus),Approved (consensus),property,MaterialEntity,A description of the procedures required to preserve and protect a dwc:MaterialEntity during handling.,,handle with gloves; not to be taken out of storage medium; avoid contact with direct sunlight,handlingRequirements,Handling Requirements,Conservation,geoext,Specimen,A summary of the procedural requirements employed to preserve and protect the specimen during physical interaction.,same name,differs,,,,,,,
damageRemarks,damageRemarks,#952,https://github.com/tdwg/dwc/issues/952,Approved (consensus),Approved (consensus),property,MaterialEntity,A general description of any physical changes to a dwc:MaterialEntity that have negatively affected its value.,"See Royce, K., Baars, C., & Viles, H. (2021). Defining Damage and Susceptibility, with Implications for Mineral Specimens and Objects: Introducing the Mineral Susceptibility Database. Studies in Conservation, 68(3), 298-317. https://doi.org/10.1080/00393630.2021.2015947","Due to oxidation and hydration of the pyrite in the coal, the sample has largely decayed to a coal powder with some larger coal pieces | Some terminations broken off | Attached label not legible (or torn, or covered)",damageRemarks,Damage Remarks,Conservation,geoext,Specimen,A general description of any material changes to a specimen which is perceived to have negatively affected an item's value-defining aspects.,same name,differs,,,,,,,
Chemistry,Chemistry,#791,https://github.com/tdwg/dwc/issues/791,Withdrawn (class not needed),Withdrawn (class not needed),class,,Properties that describe the chemical composition of a geological material,,,Chemistry,Chemistry,Chemistry,geoext,,Properties that describe the chemical composition of a geological material,same name,identical,,,,,,,Class withdrawn; the repo still lists Chemistry as a class.
measuredChemistry,measuredChemistry,#792,https://github.com/tdwg/dwc/issues/792,Approved (consensus),Approved (consensus),property,GeologicalMaterial,"A concise expression of the chemical composition of a mineral that shows the number of atoms of each element in a molecule, their spatial arrangement, and their linkage to each other.",,SiO2 (65.76); TiO2 (32.120); Al2O3 (2.21); (Mg0.77Fe0.23)2SiO4; An6.4 Ab73.6 Or20,measuredChemistry,Measured Formula,Chemistry,geoext,Specimen Part,"A concise expression of the chemical composition of a mineral that shows the number of atoms of each element in a molecule, their spatial arrangement, and their linkage to each other.",same name,identical,,,,,,,
chemistryRemarks,chemistryRemarks,#936; #953,https://github.com/tdwg/dwc/issues/936; https://github.com/tdwg/dwc/issues/953,Approved (consensus),Approved (consensus),property,GeologicalMaterial,General remarks about the chemical and isotopic composition of a dwc:GeologicalMaterial.,,,chemistryRemarks,Chemistry Remarks,Chemistry,geoext,Specimen Part,General remarks about the chemical and isotopic composition of a mineral.,same name,differs,,,,,,,
measuredChemistrySource,measuredChemistrySource,#793,https://github.com/tdwg/dwc/issues/793,Approved (consensus),Approved (consensus),property,GeologicalMaterial,A list (concatenated and separated) of resources associated with the reported measured chemistry described specifically enough to allow anyone in the future to use the same resources.,"Recommended best practice is to use full bibliographic citations, global unique identifiers, or resolvable and persistent IRIs. See the broader concept http://rs.tdwg.org/dwc/terms/associatedReferences","Novak, G. A., & Gibbs, G. V. (1971). The crystal chemistry of the silicate garnets. American Mineralogist: Journal of Earth and Planetary Materials, 56(5-6), 791-825.",measuredChemistrySource,Measured Chemistry Source,Chemistry,geoext,Specimen Part,A list (concatenated and separated) of resources associated with the reported measured chemistry described specifically enough to allow anyone in the future to use the same resources.,same name,identical,,,,,,,
mineralogicalAnalysisProtocol,mineralogicalAnalysisProtocol,#954,https://github.com/tdwg/dwc/issues/954,Approved (consensus),Approved (consensus),property,GeologicalMaterial,A technique used to determine the chemical composition or crystallography of a mineral.,Acronyms should be avoided even for widely recognized annotations. Recommended best practice is to use a controlled vocabulary such as https://vocabs.ardc.edu.au/viewById/650,Wet Chemistry; X-ray fluorescence; Electron probe microanalysis; Scanning electron microscopy with energy-dispersive X-ray spectroscopy; X-ray diffraction,mineralogicalAnalysisProtocol,Mineralogical Analysis Protocol,Chemistry,geoext,Specimen Part,The technique utilized to determine the chemical composition or crystallography of a mineral.,same name,differs,,,,,,,
geologicProvince,geologicProvince,#799,https://github.com/tdwg/dwc/issues/799,Approved (consensus),Approved (consensus),property,GeologicalContext,"An extensive named region with similar geologic history, structural, petrographic, or physiographic features throughout in which the GeologicalContext was located.",,Northwest Province; Surprise Paleovalley; Basin and Range; Coastal Plain; Piedmont; Blue Ridge,geologicProvince,Geologic Province,GeologicContext,geoext,Specimen,"Extensive named region with a similar geologic history throughout or similar structural, petrographic, or physiographic features in which the dwc:Location occurs",same name,differs,,,,,,,
lithodemicUnit,lithodemicUnit,#798,https://github.com/tdwg/dwc/issues/798,Approved (consensus),Approved (consensus),property,GeologicalContext,"A geologic unit that lacks stratification, is primarily comprised of intrusive, deformed, and/or metamorphosed rock, and is characterized by irregularly mixed lithology or highly complicated structural relations.","Due to the unstructured nature of complexes, both named units and lithological descriptive terms are acceptable values.",Catalina Core Complex; injection complex; New England Plutonic Suite; Sierra Nevada batholith,lithodemicUnit,Lithodemic Unit,GeologicContext,geoext,Specimen,"Geologic unit that lacks stratification, primarily comprised of intrusive, deformed, and/or metamorphosed rock, and characterized by irregularly mixed lithology or highly complicated structural relations.",same name,differs,,,,,,,
geologicEvent,geologicEvent,#800,https://github.com/tdwg/dwc/issues/800,Approved (consensus),Approved (consensus),property,GeologicalContext,A name of an identifiable event during which one or more geologic processes acted to create or modify one or more dwc:GeologicalMaterials.,,Sevier orogeny; Alleghanian orogeny; Alpine orogeny; Variscan orogeny; Vredefort impact,geologicEvent,Geologic Event,GeologicContext,geoext,Specimen,An identifiable event during which one or more geological processes associated with the formation of a geological specimen or act to modify an existing geological specimen.,same name,differs,,,,,,,
mineralSequence,mineralSequence,#955,https://github.com/tdwg/dwc/issues/955,Approved (consensus),Approved (consensus),property,GeologicalMaterial,"A list (concatenated and separated) of minerals in a dwc:GeologicalMaterial, ordered in a manner that illustrates the relative timing of mineral formation.","The list should only contain minerals that belong to a readily identifiable sequence of formation. Therefore, a list may contain a subset of the minerals in a specimen. Minerals that formed in-situ with one another are separated by a plus. Minerals that formed in the sequence are separated by a greater than (' > ') symbol.",Sphalerite > Quartz > Pyrite; Calcite > Quartz > Sphalerite > Pyrite,mineralSequence,Mineral Sequence,GeologicContext,geoext,Specimen,A list of minerals in a specimen ordered in a manner that illustrates the relative timing of mineral formation within a specimen.,same name,differs,,,,,,,
tectonicUnits,tectonicUnits,#956,https://github.com/tdwg/dwc/issues/956,Approved (consensus),Approved (consensus),property,GeologicContext,The combination of all tectonic unit names for the rock from which the dwc:MaterialEntity was collected.,Recommended best practice is to use an authoritative tectonic unit lexicon such as the Tectonic Map of Switzerland (TK500).,Upper Helvetic; Wildhorn Nappe Complex; Sublage Nappe,tectonicUnits,Tectonic Units,GeologicContext,geoext,Specimen,The combination of all tectonic unit names for the rock from which the dwc:MaterialEntity was collected.,same name,identical,,,,,,,
sampledFeatureType,sampledFeatureType,#794,https://github.com/tdwg/dwc/issues/794,Approved (consensus),Approved (consensus),property,MaterialEntity,The type of naturally occurring or anthropogenic physical feature from which a dwc:MaterialEntity was sampled.,"A sampled feature has a type and an optional name that distinguishes the feature from similar entities. Sampled features can be anthropogenic (roadcut, borehole) or naturally occurring (outcrop). Recommended best practice is to use a controlled vocabulary.",float; mine dump; mine/quarry pit; outcrop; erratic boulder,sampledFeature,Sampled Feature,Location,geoext,Specimen,"The type of physical feature, both naturally occurring and anthropogenic in origin, sampled during a sampling event (dwc:Event) at a dwc:Location",renamed (sampledFeature -> sampledFeatureType),differs,,,,,,,Renamed from sampledFeature and moved to MaterialEntity during review; the repo still uses sampledFeature under Location.
namedPlace,namedPlace,#795,https://github.com/tdwg/dwc/issues/795,Approved (consensus),Approved (consensus),property,Location,"The full, unabbreviated name of a geographic location not otherwise categorized by a dcterms:Location property that is naturally occurring or anthropogenic in origin within a historical, administrative, or cultural context in which a dcterms:Location occurs.","Recommended best practice is to leave this field blank if the dcterms:Location spans multiple entities or may be in multiple possible entities that meet the term definition. For named places represented as URIs or global unique identifiers, please use dwc:locationID.","11th Level, Bergwerksglücker Lode, Wiemannsbucht Mine; Craigleith Quarry; Red Cloud Mine; NEON Niwot Ridge Mountain Research Station (NIWO); Hagerman Fossil Beds; Mauna Kea",namedPlace,Named Place,Location,geoext,Specimen,"The full, unabbreviated name of a geographic location not otherwise categorized by a dwc:Location property that is naturally occurring or anthropogenic in origin within a historical, administrative, or cultural context in which dcterms:Location occurs.",same name,differs,,,,,,,
isTypeLocality,isTypeLocality,#796,https://github.com/tdwg/dwc/issues/796,Unresolved,Unresolved,property,Location,A boolean value indicating whether the associated dcterms:Location is a type location for the species. The type location is the locality from which the type material used to originally define the species originated.,Recommended best practice is to follow the TDWG Boolean Controlled Vocabulary http://rs.tdwg.org/tag/doc/boolean/.,true; false,,,,,,,not in repo list,,,,,,,,Proposed but not in the repo term list; still unresolved in review.
chronometricAgeGeologicProcess,,,,,Not proposed in dwc (repo only),,,,,,chronometricAgeGeologicProcess,Chronometric Age Geologic Process,ChronometricAge,chrono,Specimen Part,The name of the geologic process associated with a chronometric age of a geological material.,repo only,,,,,,,,In the repo list (chrono namespace) but no dwc issue was filed; it would go through the Chronometric Age extension instead.
